{
  "$schema": "https://raw.githubusercontent.com/DotNetAnalyzers/StyleCopAnalyzers/master/StyleCop.Analyzers/StyleCop.Analyzers/Settings/stylecop.schema.json",
  "settings": {
    "documentationRules": {
      "companyName": "Joel Purra",
      "copyrightText": "X-Mouse Controls by {companyName}\nCopyright © {years}.\nAll rights reserved. Released under GNU General Public License version 3.0 (GPL-3.0).\n\n- {urlProject}\n- {urlRepository}\n- {urlAuthor}\n- {urlLicense}",
      "variables": {
        "urlProject": "https://joelpurra.com/projects/X-Mouse_Controls/",
        "urlRepository": "https://github.com/joelpurra/xmouse-controls",
        "urlAuthor": "https://joelpurra.com/",
        "urlLicense": "https://www.gnu.org/licenses/",
        "years": "2007, 2008, 2009, 2010, 2011, 2012, 2013, 2014, 2015, 2016, 2017, 2018"
      }
    }
  }
}
